ciudad,date,value
El Alto; La Paz,2014-01-01,33162.635447476
Caranavi,2014-01-01,170.70188800564011
Riberalta,2014-01-01,0.0
Oruro,2014-01-01,10293.956282187764
Cochabamba; Sacaba; Quillacollo; Colcapirhua; Tiquipaya; Vinto,2014-01-01,42204.851874803804
Trinidad,2014-01-01,1368.7459115337508
Potosí,2014-01-01,6356.943323776712
Sucre,2014-01-01,5637.013968686142
Tarija,2014-01-01,6264.531217360262
Montero,2014-01-01,2384.1138972879053
Santa Cruz de la Sierra,2014-01-01,37696.72898568752
Santa Cruz Metrópoli,2014-01-01,73455.06481397465
El Alto; La Paz,2014-02-01,61697.15933083704
Caranavi,2014-02-01,200.5394975555002
Riberalta,2014-02-01,706.2542419170744
Oruro,2014-02-01,12712.806655914646
Cochabamba; Sacaba; Quillacollo; Colcapirhua; Tiquipaya; Vinto,2014-02-01,48417.0785849781
Trinidad,2014-02-01,1112.47001883598
Potosí,2014-02-01,5739.327271106489
Sucre,2014-02-01,7526.628868040324
Tarija,2014-02-01,3738.862337551748
Montero,2014-02-01,2368.598649908749
Santa Cruz de la Sierra,2014-02-01,37209.206616532865
Santa Cruz Metrópoli,2014-02-01,82715.32017482209
El Alto; La Paz,2014-03-01,67157.2925928486
Caranavi,2014-03-01,213.98187969937996
Riberalta,2014-03-01,206.4799523936037
Oruro,2014-03-01,14152.899965917959
Cochabamba; Sacaba; Quillacollo; Colcapirhua; Tiquipaya; Vinto,2014-03-01,49114.78798109932
Trinidad,2014-03-01,1420.1141911877066
Potosí,2014-03-01,6831.065864361851
Sucre,2014-03-01,7649.043253917615
Tarija,2014-03-01,5516.606471254837
Montero,2014-03-01,2722.911186978163
Santa Cruz de la Sierra,2014-03-01,47583.54968092459
Santa Cruz Metrópoli,2014-03-01,88977.60365264268
El Alto; La Paz,2014-04-01,62368.91231473604
Caranavi,2014-04-01,235.26996480013221
Riberalta,2014-04-01,871.4838977072457
Oruro,2014-04-01,14593.686721847957
Cochabamba; Sacaba; Quillacollo; Colcapirhua; Tiquipaya; Vinto,2014-04-01,51059.19222927711
Trinidad,2014-04-01,1752.285586831656
Potosí,2014-04-01,6234.760536525089
Sucre,2014-04-01,7453.335220124703
Tarija,2014-04-01,6579.333813420169
Montero,2014-04-01,2842.372406281794
Santa Cruz de la Sierra,2014-04-01,49703.34284625197
Santa Cruz Metrópoli,2014-04-01,77269.8253536358
El Alto; La Paz,2014-05-01,68603.4323808899
Caranavi,2014-05-01,143.7660560120078
Riberalta,2014-05-01,740.3654529604041
Oruro,2014-05-01,16062.673610802505
Cochabamba; Sacaba; Quillacollo; Colcapirhua; Tiquipaya; Vinto,2014-05-01,52797.282826431336
Trinidad,2014-05-01,1634.9560320393105
Potosí,2014-05-01,7470.537107716148
Sucre,2014-05-01,8538.894639304563
Tarija,2014-05-01,7032.293529514032
Montero,2014-05-01,2380.579033426783
Santa Cruz de la Sierra,2014-05-01,34387.547554364945
Santa Cruz Metrópoli,2014-05-01,45420.44760749517
El Alto; La Paz,2014-06-01,73533.99715482106
Caranavi,2014-06-01,133.90663270741405
Riberalta,2014-06-01,980.8391560379355
Oruro,2014-06-01,16675.919572131454
Cochabamba; Sacaba; Quillacollo; Colcapirhua; Tiquipaya; Vinto,2014-06-01,55001.53732281797
Trinidad,2014-06-01,1960.8063547343029
Potosí,2014-06-01,8193.748268339526
Sucre,2014-06-01,8274.014475758442
Tarija,2014-06-01,7208.119165782794
Montero,2014-06-01,2104.6266076261445
Santa Cruz de la Sierra,2014-06-01,48466.54769041304
Santa Cruz Metrópoli,2014-06-01,59629.591005611146
El Alto; La Paz,2014-07-01,69660.22632282792
Caranavi,2014-07-01,180.28991345468296
Riberalta,2014-07-01,1069.8174207754287
Oruro,2014-07-01,16102.365323254808
Cochabamba; Sacaba; Quillacollo; Colcapirhua; Tiquipaya; Vinto,2014-07-01,55010.112638709965
Trinidad,2014-07-01,2114.562878530855
Potosí,2014-07-01,8347.084237051355
Sucre,2014-07-01,8880.003008986658
Tarija,2014-07-01,7998.031247516306
Montero,2014-07-01,3221.2045334078975
Santa Cruz de la Sierra,2014-07-01,59035.86363159025
Santa Cruz Metrópoli,2014-07-01,79030.10231083789
El Alto; La Paz,2014-08-01,66823.66423167058
Caranavi,2014-08-01,296.4963132419645
Riberalta,2014-08-01,1199.1821298149873
Oruro,2014-08-01,15583.165205531048
Cochabamba; Sacaba; Quillacollo; Colcapirhua; Tiquipaya; Vinto,2014-08-01,53507.40797076057
Trinidad,2014-08-01,2312.4983321076647
Potosí,2014-08-01,8181.266595829467
Sucre,2014-08-01,9004.02858771468
Tarija,2014-08-01,7749.2808025769145
Montero,2014-08-01,3684.7075110558208
Santa Cruz de la Sierra,2014-08-01,65488.40077257987
Santa Cruz Metrópoli,2014-08-01,98053.86799780536
El Alto; La Paz,2014-09-01,61321.76860809202
Caranavi,2014-09-01,275.00301793960335
Riberalta,2014-09-01,1131.5757920265837
Oruro,2014-09-01,15762.005747838837
Cochabamba; Sacaba; Quillacollo; Colcapirhua; Tiquipaya; Vinto,2014-09-01,54260.04161962706
Trinidad,2014-09-01,2473.0245138200476
Potosí,2014-09-01,7800.4214588217865
Sucre,2014-09-01,8827.727845159225
Tarija,2014-09-01,7277.474708829733
Montero,2014-09-01,3801.708455785934
Santa Cruz de la Sierra,2014-09-01,67143.40894020558
Santa Cruz Metrópoli,2014-09-01,144218.51729563507
El Alto; La Paz,2014-10-01,70866.23902791958
Caranavi,2014-10-01,272.23192595397455
Riberalta,2014-10-01,1027.6562410206968
Oruro,2014-10-01,16748.97255468886
Cochabamba; Sacaba; Quillacollo; Colcapirhua; Tiquipaya; Vinto,2014-10-01,52918.27340331624
Trinidad,2014-10-01,2123.38922714343
Potosí,2014-10-01,7515.484130912773
Sucre,2014-10-01,8285.48700990473
Tarija,2014-10-01,7012.665377417848
Montero,2014-10-01,3323.789587356705
Santa Cruz de la Sierra,2014-10-01,58311.71022666729
Santa Cruz Metrópoli,2014-10-01,91435.85924549258
El Alto; La Paz,2014-11-01,68719.87886666614
Caranavi,2014-11-01,169.01368979920164
Riberalta,2014-11-01,1023.905073034829
Oruro,2014-11-01,16268.86663208467
Cochabamba; Sacaba; Quillacollo; Colcapirhua; Tiquipaya; Vinto,2014-11-01,53799.72921231765
Trinidad,2014-11-01,2251.6495875220717
Potosí,2014-11-01,8123.772362830849
Sucre,2014-11-01,8386.360850800718
Tarija,2014-11-01,6147.095117730546
Montero,2014-11-01,3441.2630004111456
Santa Cruz de la Sierra,2014-11-01,59754.29186058137
Santa Cruz Metrópoli,2014-11-01,94505.77499447191
El Alto; La Paz,2014-12-01,51552.39691882399
Caranavi,2014-12-01,242.86953516488572
Riberalta,2014-12-01,1116.6531188839363
Oruro,2014-12-01,14662.203221065156
Cochabamba; Sacaba; Quillacollo; Colcapirhua; Tiquipaya; Vinto,2014-12-01,47363.767111376015
Trinidad,2014-12-01,1782.2855022895103
Potosí,2014-12-01,6802.137730862987
Sucre,2014-12-01,6826.390552035068
Tarija,2014-12-01,5853.64743589087
Montero,2014-12-01,2393.5345101064468
Santa Cruz de la Sierra,2014-12-01,49651.03592181969
Santa Cruz Metrópoli,2014-12-01,75324.92312087414
El Alto; La Paz,2015-01-01,52599.41958530872
Caranavi,2015-01-01,212.35081089916184
Riberalta,2015-01-01,9.768356584523824
Oruro,2015-01-01,14862.260678623887
Cochabamba; Sacaba; Quillacollo; Colcapirhua; Tiquipaya; Vinto,2015-01-01,54154.61990167499
Trinidad,2015-01-01,2710.952646524364
Potosí,2015-01-01,7207.7249095726265
Sucre,2015-01-01,6920.66413978794
Tarija,2015-01-01,6870.094296769766
Montero,2015-01-01,2773.363755107336
Santa Cruz de la Sierra,2015-01-01,51325.112089341164
Santa Cruz Metrópoli,2015-01-01,97248.38258602783
El Alto; La Paz,2015-02-01,61886.5526627765
Caranavi,2015-02-01,318.783369898584
Riberalta,2015-02-01,790.4748240749334
Oruro,2015-02-01,16419.82234436754
Cochabamba; Sacaba; Quillacollo; Colcapirhua; Tiquipaya; Vinto,2015-02-01,45937.8402332944
Trinidad,2015-02-01,2067.806591387794
Potosí,2015-02-01,8665.634114670169
Sucre,2015-02-01,8482.929964579263
Tarija,2015-02-01,6031.436872161607
Montero,2015-02-01,2950.7093731251434
Santa Cruz de la Sierra,2015-02-01,56619.27866182794
Santa Cruz Metrópoli,2015-02-01,122400.49287667766
El Alto; La Paz,2015-03-01,59054.13870264983
Caranavi,2015-03-01,313.6475262107439
Riberalta,2015-03-01,1326.6437755633697
Oruro,2015-03-01,16089.506689822789
Cochabamba; Sacaba; Quillacollo; Colcapirhua; Tiquipaya; Vinto,2015-03-01,44504.02463952688
Trinidad,2015-03-01,1746.9267421919417
Potosí,2015-03-01,7500.114792148972
Sucre,2015-03-01,8100.537243217579
Tarija,2015-03-01,5667.932572547942
Montero,2015-03-01,3082.5579309933314
Santa Cruz de la Sierra,2015-03-01,63357.536240752976
Santa Cruz Metrópoli,2015-03-01,116191.49727573441
El Alto; La Paz,2015-04-01,135630.28740282496
Caranavi,2015-04-01,180.68068187676167
Riberalta,2015-04-01,987.4684011270964
Oruro,2015-04-01,16422.74545337944
Cochabamba; Sacaba; Quillacollo; Colcapirhua; Tiquipaya; Vinto,2015-04-01,54311.870825687045
Trinidad,2015-04-01,1990.2042604412968
Potosí,2015-04-01,7569.672395998153
Sucre,2015-04-01,8575.541130524405
Tarija,2015-04-01,6662.045454716912
Montero,2015-04-01,3090.317685289651
Santa Cruz de la Sierra,2015-04-01,51160.19414049194
Santa Cruz Metrópoli,2015-04-01,81203.55447462026
El Alto; La Paz,2015-05-01,74087.93269665843
Caranavi,2015-05-01,164.04659173510916
Riberalta,2015-05-01,1040.1702362149863
Oruro,2015-05-01,17768.851400278523
Cochabamba; Sacaba; Quillacollo; Colcapirhua; Tiquipaya; Vinto,2015-05-01,59372.001678202854
Trinidad,2015-05-01,2152.323942475437
Potosí,2015-05-01,9445.347209827025
Sucre,2015-05-01,9191.042656096422
Tarija,2015-05-01,7967.926516944434
Montero,2015-05-01,3496.8113643766515
Santa Cruz de la Sierra,2015-05-01,65776.9979690002
Santa Cruz Metrópoli,2015-05-01,82063.1376525206
El Alto; La Paz,2015-06-01,76894.71525856943
Caranavi,2015-06-01,183.86966865192724
Riberalta,2015-06-01,1242.0317913838112
Oruro,2015-06-01,18513.45972913592
Cochabamba; Sacaba; Quillacollo; Colcapirhua; Tiquipaya; Vinto,2015-06-01,60692.60773623801
Trinidad,2015-06-01,2430.0118377429317
Potosí,2015-06-01,9378.661637868983
Sucre,2015-06-01,9537.049634755584
Tarija,2015-06-01,6957.941104984622
Montero,2015-06-01,3337.1233252947536
Santa Cruz de la Sierra,2015-06-01,58551.095677268146
Santa Cruz Metrópoli,2015-06-01,81630.64168623525
El Alto; La Paz,2015-07-01,82091.77388159707
Caranavi,2015-07-01,174.29633460341722
Riberalta,2015-07-01,1247.182344048403
Oruro,2015-07-01,19467.62112411314
Cochabamba; Sacaba; Quillacollo; Colcapirhua; Tiquipaya; Vinto,2015-07-01,61946.011373260924
Trinidad,2015-07-01,2245.4404305844373
Potosí,2015-07-01,10294.991198120139
Sucre,2015-07-01,9716.09580568625
Tarija,2015-07-01,8655.445424916836
Montero,2015-07-01,2970.8682631648207
Santa Cruz de la Sierra,2015-07-01,67073.12475570885
Santa Cruz Metrópoli,2015-07-01,77324.59829860314
El Alto; La Paz,2015-08-01,70593.54433225274
Caranavi,2015-08-01,169.18615763642438
Riberalta,2015-08-01,1221.4246762740827
Oruro,2015-08-01,18500.41050378262
Cochabamba; Sacaba; Quillacollo; Colcapirhua; Tiquipaya; Vinto,2015-08-01,57698.40511013555
Trinidad,2015-08-01,2297.5979729154565
Potosí,2015-08-01,8417.325242815492
Sucre,2015-08-01,9666.614268667214
Tarija,2015-08-01,8809.737573928294
Montero,2015-08-01,3022.152362575631
Santa Cruz de la Sierra,2015-08-01,67880.04309817773
Santa Cruz Metrópoli,2015-08-01,91536.47687769073
El Alto; La Paz,2015-09-01,77608.73157942563
Caranavi,2015-09-01,186.42140105541912
Riberalta,2015-09-01,1202.1853697657643
Oruro,2015-09-01,18565.494636011314
Cochabamba; Sacaba; Quillacollo; Colcapirhua; Tiquipaya; Vinto,2015-09-01,58834.06049128594
Trinidad,2015-09-01,2246.3313727721415
Potosí,2015-09-01,9575.548894508507
Sucre,2015-09-01,9797.04104274836
Tarija,2015-09-01,10202.299410995318
Montero,2015-09-01,3385.706891367775
Santa Cruz de la Sierra,2015-09-01,69456.33390159026
Santa Cruz Metrópoli,2015-09-01,108259.46243904975
El Alto; La Paz,2015-10-01,78303.48303297943
Caranavi,2015-10-01,241.688526532572
Riberalta,2015-10-01,1275.9095866845223
Oruro,2015-10-01,17802.462643704053
Cochabamba; Sacaba; Quillacollo; Colcapirhua; Tiquipaya; Vinto,2015-10-01,60522.36272380222
Trinidad,2015-10-01,2387.272600999738
Potosí,2015-10-01,9901.434200205844
Sucre,2015-10-01,9037.542731851932
Tarija,2015-10-01,6368.572284995368
Montero,2015-10-01,3456.431484027295
Santa Cruz de la Sierra,2015-10-01,69099.90547347211
Santa Cruz Metrópoli,2015-10-01,113903.01273384262
El Alto; La Paz,2015-11-01,67560.09705547849
Caranavi,2015-11-01,186.0993822413695
Riberalta,2015-11-01,1216.6478321571415
Oruro,2015-11-01,17929.96857084252
Cochabamba; Sacaba; Quillacollo; Colcapirhua; Tiquipaya; Vinto,2015-11-01,54072.53084010216
Trinidad,2015-11-01,2376.292090714498
Potosí,2015-11-01,9284.017655664247
Sucre,2015-11-01,8345.67862697606
Tarija,2015-11-01,6216.898492353867
Montero,2015-11-01,3449.651074314937
Santa Cruz de la Sierra,2015-11-01,65041.7983429703
Santa Cruz Metrópoli,2015-11-01,106287.45398853022
El Alto; La Paz,2015-12-01,74356.46673923661
Caranavi,2015-12-01,201.11117844465088
Riberalta,2015-12-01,1275.1363161790644
Oruro,2015-12-01,17904.067001081916
Cochabamba; Sacaba; Quillacollo; Colcapirhua; Tiquipaya; Vinto,2015-12-01,56326.704157115084
Trinidad,2015-12-01,2389.5765068014875
Potosí,2015-12-01,9586.775966663286
Sucre,2015-12-01,9049.174772328259
Tarija,2015-12-01,5788.092471206946
Montero,2015-12-01,3235.0795694202175
Santa Cruz de la Sierra,2015-12-01,66377.0124092353
Santa Cruz Metrópoli,2015-12-01,97319.74380738834
El Alto; La Paz,2016-01-01,66731.296822415
Caranavi,2016-01-01,336.67592715040666
Riberalta,2016-01-01,1211.012242051502
Oruro,2016-01-01,17434.696415603245
Cochabamba; Sacaba; Quillacollo; Colcapirhua; Tiquipaya; Vinto,2016-01-01,54183.1893435468
Trinidad,2016-01-01,2185.8164572686646
Potosí,2016-01-01,7564.4019135423805
Sucre,2016-01-01,5547.542507779245
Tarija,2016-01-01,6578.669148688632
Montero,2016-01-01,2696.9086573545837
Santa Cruz de la Sierra,2016-01-01,56418.36345759936
Santa Cruz Metrópoli,2016-01-01,110331.65515973754
El Alto; La Paz,2016-02-01,63496.71300313544
Caranavi,2016-02-01,230.23870290737258
Riberalta,2016-02-01,1176.1908063763021
Oruro,2016-02-01,17956.909708174182
Cochabamba; Sacaba; Quillacollo; Colcapirhua; Tiquipaya; Vinto,2016-02-01,54026.46626205731
Trinidad,2016-02-01,2150.093697933565
Potosí,2016-02-01,10054.991763973798
Sucre,2016-02-01,7923.539896889995
Tarija,2016-02-01,5943.380494668436
Montero,2016-02-01,2903.2086806057114
Santa Cruz de la Sierra,2016-02-01,57991.56446626478
Santa Cruz Metrópoli,2016-02-01,104133.7618709559
El Alto; La Paz,2016-03-01,70934.97177964491
Caranavi,2016-03-01,294.31202945601484
Riberalta,2016-03-01,1189.3440419780031
Oruro,2016-03-01,19750.168522246768
Cochabamba; Sacaba; Quillacollo; Colcapirhua; Tiquipaya; Vinto,2016-03-01,54713.35163406324
Trinidad,2016-03-01,2489.9285973775186
Potosí,2016-03-01,10134.813182708791
Sucre,2016-03-01,6383.4718346929985
Tarija,2016-03-01,6614.5651207227875
Montero,2016-03-01,3265.437735684712
Santa Cruz de la Sierra,2016-03-01,66880.25860963331
Santa Cruz Metrópoli,2016-03-01,115661.26599918552
El Alto; La Paz,2016-04-01,65968.71067789086
Caranavi,2016-04-01,274.7050210781498
Riberalta,2016-04-01,1390.5600493727593
Oruro,2016-04-01,20303.82532594063
Cochabamba; Sacaba; Quillacollo; Colcapirhua; Tiquipaya; Vinto,2016-04-01,57414.42368476263
Trinidad,2016-04-01,2499.0293905778462
Potosí,2016-04-01,10376.339329401273
Sucre,2016-04-01,9414.389263545534
Tarija,2016-04-01,7216.368797959125
Montero,2016-04-01,3468.6968938143223
Santa Cruz de la Sierra,2016-04-01,68260.71154469473
Santa Cruz Metrópoli,2016-04-01,97891.91128953075
El Alto; La Paz,2016-05-01,79779.8950774815
Caranavi,2016-05-01,270.15837657315495
Riberalta,2016-05-01,1311.9226523986667
Oruro,2016-05-01,22653.037030162002
Cochabamba; Sacaba; Quillacollo; Colcapirhua; Tiquipaya; Vinto,2016-05-01,61256.81233426723
Trinidad,2016-05-01,2491.40292544746
Potosí,2016-05-01,11438.183166883213
Sucre,2016-05-01,9914.75123609819
Tarija,2016-05-01,7807.555592643977
Montero,2016-05-01,3114.6976964640853
Santa Cruz de la Sierra,2016-05-01,55341.6467522183
Santa Cruz Metrópoli,2016-05-01,91314.55629361985
El Alto; La Paz,2016-06-01,84558.85648717277
Caranavi,2016-06-01,153.68963658063865
Riberalta,2016-06-01,1282.290566368547
Oruro,2016-06-01,22788.342833172424
Cochabamba; Sacaba; Quillacollo; Colcapirhua; Tiquipaya; Vinto,2016-06-01,65827.79918824656
Trinidad,2016-06-01,2354.6253742282747
Potosí,2016-06-01,11438.266002419894
Sucre,2016-06-01,11059.79105646407
Tarija,2016-06-01,8479.760143173036
Montero,2016-06-01,2626.7155168862596
Santa Cruz de la Sierra,2016-06-01,48252.68349276136
Santa Cruz Metrópoli,2016-06-01,70840.20856956368
El Alto; La Paz,2016-07-01,80067.35897166848
Caranavi,2016-07-01,246.77234323383948
Riberalta,2016-07-01,1404.7194212255865
Oruro,2016-07-01,22487.982735929392
Cochabamba; Sacaba; Quillacollo; Colcapirhua; Tiquipaya; Vinto,2016-07-01,63182.915533522566
Trinidad,2016-07-01,2956.2635723446524
Potosí,2016-07-01,11368.836789536259
Sucre,2016-07-01,10995.091268639902
Tarija,2016-07-01,9482.572875626407
Montero,2016-07-01,4060.131236958765
Santa Cruz de la Sierra,2016-07-01,70452.89824459757
Santa Cruz Metrópoli,2016-07-01,119824.74436525712
El Alto; La Paz,2016-08-01,80617.85885793794
Caranavi,2016-08-01,270.43580160976285
Riberalta,2016-08-01,1265.450069609649
Oruro,2016-08-01,23516.378053561304
Cochabamba; Sacaba; Quillacollo; Colcapirhua; Tiquipaya; Vinto,2016-08-01,64091.12176860012
Trinidad,2016-08-01,3183.3440535501186
Potosí,2016-08-01,11423.039287444306
Sucre,2016-08-01,9774.626303062256
Tarija,2016-08-01,7537.639107025194
Montero,2016-08-01,3388.43377836148
Santa Cruz de la Sierra,2016-08-01,70413.1516030822
Santa Cruz Metrópoli,2016-08-01,100840.04719497595
El Alto; La Paz,2016-09-01,78273.32737198765
Caranavi,2016-09-01,286.7277081932551
Riberalta,2016-09-01,1393.060825767149
Oruro,2016-09-01,22477.802023131793
Cochabamba; Sacaba; Quillacollo; Colcapirhua; Tiquipaya; Vinto,2016-09-01,60774.56815604358
Trinidad,2016-09-01,2759.219582853453
Potosí,2016-09-01,11207.772313206868
Sucre,2016-09-01,10170.73937660146
Tarija,2016-09-01,7312.084963515343
Montero,2016-09-01,3641.637303565647
Santa Cruz de la Sierra,2016-09-01,69277.39202570276
Santa Cruz Metrópoli,2016-09-01,131126.26491834602
El Alto; La Paz,2016-10-01,79134.83046356725
Caranavi,2016-10-01,317.0040991340655
Riberalta,2016-10-01,1323.6121381453997
Oruro,2016-10-01,21518.001194682143
Cochabamba; Sacaba; Quillacollo; Colcapirhua; Tiquipaya; Vinto,2016-10-01,62426.64115749967
Trinidad,2016-10-01,2803.519046890994
Potosí,2016-10-01,10546.539844179155
Sucre,2016-10-01,8198.583371080023
Tarija,2016-10-01,6558.501093322628
Montero,2016-10-01,3733.1227316615054
Santa Cruz de la Sierra,2016-10-01,73976.42873418078
Santa Cruz Metrópoli,2016-10-01,124462.23190188981
El Alto; La Paz,2016-11-01,76479.45419528188
Caranavi,2016-11-01,276.4142422985133
Riberalta,2016-11-01,1179.555312149008
Oruro,2016-11-01,22518.511092227644
Cochabamba; Sacaba; Quillacollo; Colcapirhua; Tiquipaya; Vinto,2016-11-01,59723.458645370534
Trinidad,2016-11-01,2899.395395649707
Potosí,2016-11-01,10900.608574310936
Sucre,2016-11-01,9125.855508365086
Tarija,2016-11-01,7432.0639137850685
Montero,2016-11-01,3397.1852788541833
Santa Cruz de la Sierra,2016-11-01,69265.33153280277
Santa Cruz Metrópoli,2016-11-01,121218.24373662019
El Alto; La Paz,2016-12-01,65763.16205707543
Caranavi,2016-12-01,262.17331410939323
Riberalta,2016-12-01,1137.1499732439943
Oruro,2016-12-01,20306.862121222883
Cochabamba; Sacaba; Quillacollo; Colcapirhua; Tiquipaya; Vinto,2016-12-01,56539.05003640563
Trinidad,2016-12-01,2470.8310420843186
Potosí,2016-12-01,9895.457908290475
Sucre,2016-12-01,10164.568219684048
Tarija,2016-12-01,7158.539057188173
Montero,2016-12-01,3053.653945190825
Santa Cruz de la Sierra,2016-12-01,64965.290960523984
Santa Cruz Metrópoli,2016-12-01,96293.84039990032
El Alto; La Paz,2017-01-01,68354.07021673386
Caranavi,2017-01-01,148.21658221044953
Riberalta,2017-01-01,7226.77607958907
Oruro,2017-01-01,20076.8412997771
Cochabamba; Sacaba; Quillacollo; Colcapirhua; Tiquipaya; Vinto,2017-01-01,60921.42885672963
Trinidad,2017-01-01,2782.223775654389
Potosí,2017-01-01,10178.801864675217
Sucre,2017-01-01,10047.552561645298
Tarija,2017-01-01,9100.920415724024
Montero,2017-01-01,3765.6448924511083
Santa Cruz de la Sierra,2017-01-01,73058.16684084471
Santa Cruz Metrópoli,2017-01-01,118680.9529585102
El Alto; La Paz,2017-02-01,72225.73856594361
Caranavi,2017-02-01,331.83215097884334
Riberalta,2017-02-01,1500.8173500901992
Oruro,2017-02-01,22242.79282387516
Cochabamba; Sacaba; Quillacollo; Colcapirhua; Tiquipaya; Vinto,2017-02-01,60584.299809254975
Trinidad,2017-02-01,2066.8026067134133
Potosí,2017-02-01,9093.41395635196
Sucre,2017-02-01,9753.9178090438
Tarija,2017-02-01,8053.561871749749
Montero,2017-02-01,3365.1073632682073
Santa Cruz de la Sierra,2017-02-01,44429.42476125857
Santa Cruz Metrópoli,2017-02-01,91354.33080774469
El Alto; La Paz,2017-03-01,54878.36063021672
Caranavi,2017-03-01,435.1703667614976
Riberalta,2017-03-01,1225.382403661808
Oruro,2017-03-01,19673.708811134453
Cochabamba; Sacaba; Quillacollo; Colcapirhua; Tiquipaya; Vinto,2017-03-01,8445.944906491275
Trinidad,2017-03-01,2603.468946296839
Potosí,2017-03-01,8365.153875578504
Sucre,2017-03-01,7135.179372292292
Tarija,2017-03-01,4881.614910439886
Montero,2017-03-01,3312.904509597197
Santa Cruz de la Sierra,2017-03-01,61973.6436594921
Santa Cruz Metrópoli,2017-03-01,119175.33896956845
El Alto; La Paz,2017-04-01,76614.1674536521
Caranavi,2017-04-01,351.95049987511305
Riberalta,2017-04-01,1600.3373539252032
Oruro,2017-04-01,22905.857431799523
Cochabamba; Sacaba; Quillacollo; Colcapirhua; Tiquipaya; Vinto,2017-04-01,62244.11494466251
Trinidad,2017-04-01,3203.6673079688767
Potosí,2017-04-01,10818.396550500624
Sucre,2017-04-01,9892.448907632926
Tarija,2017-04-01,7313.615057685564
Montero,2017-04-01,2585.3124599463795
Santa Cruz de la Sierra,2017-04-01,53826.574227195866
Santa Cruz Metrópoli,2017-04-01,113166.68354587432
El Alto; La Paz,2017-05-01,78532.6747933748
Caranavi,2017-05-01,398.11686977118836
Riberalta,2017-05-01,1591.1807698789037
Oruro,2017-05-01,22972.335065201736
Cochabamba; Sacaba; Quillacollo; Colcapirhua; Tiquipaya; Vinto,2017-05-01,62236.3979281327
Trinidad,2017-05-01,2464.164353905618
Potosí,2017-05-01,11406.988437287597
Sucre,2017-05-01,10778.608025002242
Tarija,2017-05-01,8551.013992758004
Montero,2017-05-01,3397.5565846803743
Santa Cruz de la Sierra,2017-05-01,64293.76088291433
Santa Cruz Metrópoli,2017-05-01,116852.81418718092
El Alto; La Paz,2017-06-01,79783.42785684414
Caranavi,2017-06-01,374.19200219466694
Riberalta,2017-06-01,1771.5345061277858
Oruro,2017-06-01,26582.739223043875
Cochabamba; Sacaba; Quillacollo; Colcapirhua; Tiquipaya; Vinto,2017-06-01,66045.1957818277
Trinidad,2017-06-01,3128.6542730158308
Potosí,2017-06-01,11047.981762843156
Sucre,2017-06-01,10803.754645190002
Tarija,2017-06-01,9360.03924172585
Montero,2017-06-01,3947.8274605543006
Santa Cruz de la Sierra,2017-06-01,69094.66896125568
Santa Cruz Metrópoli,2017-06-01,112763.99483401718
El Alto; La Paz,2017-07-01,81740.9577762105
Caranavi,2017-07-01,408.0908090777953
Riberalta,2017-07-01,1968.1634839697103
Oruro,2017-07-01,25149.206728875055
Cochabamba; Sacaba; Quillacollo; Colcapirhua; Tiquipaya; Vinto,2017-07-01,66004.37782876997
Trinidad,2017-07-01,3228.037235278827
Potosí,2017-07-01,10806.82041696278
Sucre,2017-07-01,10666.689075757591
Tarija,2017-07-01,9366.88377958484
Montero,2017-07-01,4279.343396796314
Santa Cruz de la Sierra,2017-07-01,78702.03658188488
Santa Cruz Metrópoli,2017-07-01,123261.7702050634
El Alto; La Paz,2017-08-01,80023.61739868221
Caranavi,2017-08-01,501.8525980942973
Riberalta,2017-08-01,1675.0344558988722
Oruro,2017-08-01,25462.00898545694
Cochabamba; Sacaba; Quillacollo; Colcapirhua; Tiquipaya; Vinto,2017-08-01,69336.82927395396
Trinidad,2017-08-01,2951.379602156959
Potosí,2017-08-01,13290.435435499512
Sucre,2017-08-01,10769.38521951514
Tarija,2017-08-01,9024.83580876647
Montero,2017-08-01,3926.762141724659
Santa Cruz de la Sierra,2017-08-01,74366.4734564596
Santa Cruz Metrópoli,2017-08-01,126000.91282505196
El Alto; La Paz,2017-09-01,66175.14622265557
Caranavi,2017-09-01,406.75871071193137
Riberalta,2017-09-01,1692.1086232428452
Oruro,2017-09-01,23620.976340872636
Cochabamba; Sacaba; Quillacollo; Colcapirhua; Tiquipaya; Vinto,2017-09-01,65055.69662293198
Trinidad,2017-09-01,2542.106290270885
Potosí,2017-09-01,10160.70679611353
Sucre,2017-09-01,10377.837912695672
Tarija,2017-09-01,8391.034977680907
Montero,2017-09-01,3565.5850797460344
Santa Cruz de la Sierra,2017-09-01,69203.94448390801
Santa Cruz Metrópoli,2017-09-01,145245.65488692568
El Alto; La Paz,2017-10-01,80078.12958029093
Caranavi,2017-10-01,471.4095674270508
Riberalta,2017-10-01,1686.3924319553025
Oruro,2017-10-01,23710.868393682613
Cochabamba; Sacaba; Quillacollo; Colcapirhua; Tiquipaya; Vinto,2017-10-01,63248.76462977484
Trinidad,2017-10-01,2967.574157551575
Potosí,2017-10-01,10035.36036863199
Sucre,2017-10-01,8987.685175389874
Tarija,2017-10-01,7467.994720636395
Montero,2017-10-01,3934.4209342828
Santa Cruz de la Sierra,2017-10-01,73958.47524238312
Santa Cruz Metrópoli,2017-10-01,150994.3391513621
El Alto; La Paz,2017-11-01,79919.60193099607
Caranavi,2017-11-01,372.0273340555969
Riberalta,2017-11-01,1555.555022526577
Oruro,2017-11-01,23590.848156271037
Cochabamba; Sacaba; Quillacollo; Colcapirhua; Tiquipaya; Vinto,2017-11-01,59320.49034758848
Trinidad,2017-11-01,2448.302785467461
Potosí,2017-11-01,10051.656687393966
Sucre,2017-11-01,7469.766917623024
Tarija,2017-11-01,6259.076162374956
Montero,2017-11-01,3973.5558812295694
Santa Cruz de la Sierra,2017-11-01,71828.64668657848
Santa Cruz Metrópoli,2017-11-01,136657.36569573538
El Alto; La Paz,2017-12-01,72394.04668066456
Caranavi,2017-12-01,237.88423504392603
Riberalta,2017-12-01,1551.1577279851422
Oruro,2017-12-01,23341.64759794963
Cochabamba; Sacaba; Quillacollo; Colcapirhua; Tiquipaya; Vinto,2017-12-01,64867.10561227108
Trinidad,2017-12-01,2654.3909443822786
Potosí,2017-12-01,9809.359515395938
Sucre,2017-12-01,9320.57563583056
Tarija,2017-12-01,7999.607883524956
Montero,2017-12-01,3327.3103965955625
Santa Cruz de la Sierra,2017-12-01,62161.01393824396
Santa Cruz Metrópoli,2017-12-01,113492.37843596408
El Alto; La Paz,2018-01-01,54753.628518104444
Caranavi,2018-01-01,366.41458682248407
Riberalta,2018-01-01,1111.800074691691
Oruro,2018-01-01,19821.077486571026
Cochabamba; Sacaba; Quillacollo; Colcapirhua; Tiquipaya; Vinto,2018-01-01,61056.071491061055
Trinidad,2018-01-01,2541.2156377926176
Potosí,2018-01-01,8759.964288462503
Sucre,2018-01-01,10089.984137272371
Tarija,2018-01-01,7556.350002979179
Montero,2018-01-01,3410.3974966149126
Santa Cruz de la Sierra,2018-01-01,61682.96296890082
Santa Cruz Metrópoli,2018-01-01,113723.09901534222
El Alto; La Paz,2018-02-01,63760.708178358786
Caranavi,2018-02-01,338.91944941242105
Riberalta,2018-02-01,1499.6060821658689
Oruro,2018-02-01,22357.47384312033
Cochabamba; Sacaba; Quillacollo; Colcapirhua; Tiquipaya; Vinto,2018-02-01,56769.45332590118
Trinidad,2018-02-01,2640.433532009815
Potosí,2018-02-01,9618.499510820013
Sucre,2018-02-01,10080.907157497659
Tarija,2018-02-01,7726.552513839214
Montero,2018-02-01,3126.503286557223
Santa Cruz de la Sierra,2018-02-01,69191.93602698034
Santa Cruz Metrópoli,2018-02-01,129923.94747525001
El Alto; La Paz,2018-03-01,71447.97154503585
Caranavi,2018-03-01,430.1339606701159
Riberalta,2018-03-01,1705.0563168941765
Oruro,2018-03-01,19919.109378732905
Cochabamba; Sacaba; Quillacollo; Colcapirhua; Tiquipaya; Vinto,2018-03-01,60797.1059081912
Trinidad,2018-03-01,2463.8024317311906
Potosí,2018-03-01,9585.33748999179
Sucre,2018-03-01,9585.935004199131
Tarija,2018-03-01,7931.727597785342
Montero,2018-03-01,3217.2978057791206
Santa Cruz de la Sierra,2018-03-01,53307.684736844334
Santa Cruz Metrópoli,2018-03-01,108662.84629344854
El Alto; La Paz,2018-04-01,73881.71055543445
Caranavi,2018-04-01,416.8899591434748
Riberalta,2018-04-01,1628.6895673036577
Oruro,2018-04-01,24321.56152510316
Cochabamba; Sacaba; Quillacollo; Colcapirhua; Tiquipaya; Vinto,2018-04-01,64001.94718841012
Trinidad,2018-04-01,2918.9535230328647
Potosí,2018-04-01,10926.856233938763
Sucre,2018-04-01,11309.44128816887
Tarija,2018-04-01,8984.358256110374
Montero,2018-04-01,3880.491458998708
Santa Cruz de la Sierra,2018-04-01,71650.78811751114
Santa Cruz Metrópoli,2018-04-01,141862.0184022662
El Alto; La Paz,2018-05-01,84679.4262182504
Caranavi,2018-05-01,437.25196160218303
Riberalta,2018-05-01,1625.5300311073374
Oruro,2018-05-01,25291.188777489984
Cochabamba; Sacaba; Quillacollo; Colcapirhua; Tiquipaya; Vinto,2018-05-01,65862.3599574948
Trinidad,2018-05-01,2920.751690571214
Potosí,2018-05-01,10799.30166598933
Sucre,2018-05-01,11712.736680245638
Tarija,2018-05-01,8650.51320464073
Montero,2018-05-01,4026.409128095472
Santa Cruz de la Sierra,2018-05-01,72900.45931045474
Santa Cruz Metrópoli,2018-05-01,129001.41263364858
El Alto; La Paz,2018-06-01,70214.9720438891
Caranavi,2018-06-01,262.11349021571823
Riberalta,2018-06-01,1701.110556447827
Oruro,2018-06-01,23336.015140730146
Cochabamba; Sacaba; Quillacollo; Colcapirhua; Tiquipaya; Vinto,2018-06-01,64022.08761898136
Trinidad,2018-06-01,3201.7331003372283
Potosí,2018-06-01,10466.435258695366
Sucre,2018-06-01,11141.943780916225
Tarija,2018-06-01,8401.928765508179
Montero,2018-06-01,4237.462931203144
Santa Cruz de la Sierra,2018-06-01,73834.29674893412
Santa Cruz Metrópoli,2018-06-01,120337.18908990492
El Alto; La Paz,2018-07-01,77455.42181362023
Caranavi,2018-07-01,417.27094139292376
Riberalta,2018-07-01,1948.1601973201564
Oruro,2018-07-01,25563.963101041845
Cochabamba; Sacaba; Quillacollo; Colcapirhua; Tiquipaya; Vinto,2018-07-01,68750.57085959922
Trinidad,2018-07-01,3359.5183514418245
Potosí,2018-07-01,10717.239417074641
Sucre,2018-07-01,11126.468826663788
Tarija,2018-07-01,9386.960837763665
Montero,2018-07-01,4184.256072225697
Santa Cruz de la Sierra,2018-07-01,77776.2912670986
Santa Cruz Metrópoli,2018-07-01,125879.010302146
El Alto; La Paz,2018-08-01,77771.42522562713
Caranavi,2018-08-01,361.453452666951
Riberalta,2018-08-01,1816.007683687132
Oruro,2018-08-01,25003.27088801703
Cochabamba; Sacaba; Quillacollo; Colcapirhua; Tiquipaya; Vinto,2018-08-01,66246.5747585285
Trinidad,2018-08-01,3275.864732584621
Potosí,2018-08-01,10959.380672241714
Sucre,2018-08-01,11405.458857145852
Tarija,2018-08-01,10201.10098077924
Montero,2018-08-01,4194.151646718497
Santa Cruz de la Sierra,2018-08-01,78701.83256264852
Santa Cruz Metrópoli,2018-08-01,126339.49047841562
El Alto; La Paz,2018-09-01,85066.07200515496
Caranavi,2018-09-01,413.365097034562
Riberalta,2018-09-01,1860.2128642290836
Oruro,2018-09-01,25436.35372151907
Cochabamba; Sacaba; Quillacollo; Colcapirhua; Tiquipaya; Vinto,2018-09-01,65121.04755198525
Trinidad,2018-09-01,3208.7316371519196
Potosí,2018-09-01,10529.630517572801
Sucre,2018-09-01,11540.176390222825
Tarija,2018-09-01,9780.333686081334
Montero,2018-09-01,3835.679603820922
Santa Cruz de la Sierra,2018-09-01,74162.1011123447
Santa Cruz Metrópoli,2018-09-01,133186.7637880691
El Alto; La Paz,2018-10-01,70116.81558216552
Caranavi,2018-10-01,393.8194898370436
Riberalta,2018-10-01,1840.3074888645506
Oruro,2018-10-01,23692.130804694396
Cochabamba; Sacaba; Quillacollo; Colcapirhua; Tiquipaya; Vinto,2018-10-01,64720.90377434203
Trinidad,2018-10-01,3005.230942025781
Potosí,2018-10-01,10392.057518396901
Sucre,2018-10-01,10659.390922885195
Tarija,2018-10-01,6718.354982394097
Montero,2018-10-01,3814.8485026933986
Santa Cruz de la Sierra,2018-10-01,62463.79869253331
Santa Cruz Metrópoli,2018-10-01,119256.40055420663
El Alto; La Paz,2018-11-01,69905.17198589341
Caranavi,2018-11-01,362.4392941968112
Riberalta,2018-11-01,43.63658846026543
Oruro,2018-11-01,22883.478376374307
Cochabamba; Sacaba; Quillacollo; Colcapirhua; Tiquipaya; Vinto,2018-11-01,60415.36270967612
Trinidad,2018-11-01,3009.939530548219
Potosí,2018-11-01,10058.681621397585
Sucre,2018-11-01,10866.463405944553
Tarija,2018-11-01,8244.485256917924
Montero,2018-11-01,3766.4030657365047
Santa Cruz de la Sierra,2018-11-01,72162.91206876021
Santa Cruz Metrópoli,2018-11-01,129559.76137817414
El Alto; La Paz,2018-12-01,78245.92026875041
Caranavi,2018-12-01,365.5701951383084
Riberalta,2018-12-01,1687.237218884072
Oruro,2018-12-01,22145.981900490257
Cochabamba; Sacaba; Quillacollo; Colcapirhua; Tiquipaya; Vinto,2018-12-01,59679.06880121135
Trinidad,2018-12-01,2596.3759647453553
Potosí,2018-12-01,10017.307326316948
Sucre,2018-12-01,9762.945301503994
Tarija,2018-12-01,7979.715818312474
Montero,2018-12-01,3660.108002651792
Santa Cruz de la Sierra,2018-12-01,65678.70406066527
Santa Cruz Metrópoli,2018-12-01,133339.35051944738
El Alto; La Paz,2019-01-01,74537.2334224438
Caranavi,2019-01-01,283.06858712883985
Riberalta,2019-01-01,1759.8919214950618
Oruro,2019-01-01,15351.02918299822
Cochabamba; Sacaba; Quillacollo; Colcapirhua; Tiquipaya; Vinto,2019-01-01,55979.570789094694
Trinidad,2019-01-01,2714.4382385779018
Potosí,2019-01-01,9368.680856242134
Sucre,2019-01-01,10088.437741767188
Tarija,2019-01-01,5705.184315151504
Montero,2019-01-01,3096.8175667155615
Santa Cruz de la Sierra,2019-01-01,41538.40159918141
Santa Cruz Metrópoli,2019-01-01,79542.46241059972
El Alto; La Paz,2019-02-01,65728.54280691089
Caranavi,2019-02-01,288.6274906870782
Riberalta,2019-02-01,0.0
Oruro,2019-02-01,22770.482101620015
Cochabamba; Sacaba; Quillacollo; Colcapirhua; Tiquipaya; Vinto,2019-02-01,63584.78736084613
Trinidad,2019-02-01,2879.807642208158
Potosí,2019-02-01,9783.166707030872
Sucre,2019-02-01,9541.862951633626
Tarija,2019-02-01,7392.1040100208065
Montero,2019-02-01,3903.764635042934
Santa Cruz de la Sierra,2019-02-01,69822.36064851815
Santa Cruz Metrópoli,2019-02-01,122006.2478258732
El Alto; La Paz,2019-03-01,79131.3505219632
Caranavi,2019-03-01,299.8710591922422
Riberalta,2019-03-01,717.1612938113732
Oruro,2019-03-01,21371.582989888215
Cochabamba; Sacaba; Quillacollo; Colcapirhua; Tiquipaya; Vinto,2019-03-01,57992.79420683012
Trinidad,2019-03-01,2727.480628855383
Potosí,2019-03-01,10245.391820179828
Sucre,2019-03-01,10155.056396303815
Tarija,2019-03-01,7665.5527939049625
Montero,2019-03-01,3524.5611359134623
Santa Cruz de la Sierra,2019-03-01,66915.95219013271
Santa Cruz Metrópoli,2019-03-01,119907.73011749372
El Alto; La Paz,2019-04-01,73583.3361596382
Caranavi,2019-04-01,401.79321554091337
Riberalta,2019-04-01,1766.1198381683555
Oruro,2019-04-01,21717.001119005545
Cochabamba; Sacaba; Quillacollo; Colcapirhua; Tiquipaya; Vinto,2019-04-01,67322.41843446204
Trinidad,2019-04-01,3334.401138028651
Potosí,2019-04-01,10398.943229728924
Sucre,2019-04-01,10921.83337129255
Tarija,2019-04-01,8992.909186576398
Montero,2019-04-01,3740.1281629174355
Santa Cruz de la Sierra,2019-04-01,68550.00631700897
Santa Cruz Metrópoli,2019-04-01,119908.66905889974
El Alto; La Paz,2019-05-01,76003.49184862363
Caranavi,2019-05-01,315.01035286832376
Riberalta,2019-05-01,1707.1315656260676
Oruro,2019-05-01,22733.370220743207
Cochabamba; Sacaba; Quillacollo; Colcapirhua; Tiquipaya; Vinto,2019-05-01,67105.23208231291
Trinidad,2019-05-01,3213.5676880944757
Potosí,2019-05-01,10441.435360660798
Sucre,2019-05-01,10661.96200590777
Tarija,2019-05-01,8953.189716056571
Montero,2019-05-01,2978.9934847545387
Santa Cruz de la Sierra,2019-05-01,56376.71558999408
Santa Cruz Metrópoli,2019-05-01,94417.64534666919
El Alto; La Paz,2019-06-01,85828.49402241633
Caranavi,2019-06-01,361.38564703696784
Riberalta,2019-06-01,1747.6440444367631
Oruro,2019-06-01,24180.037775031604
Cochabamba; Sacaba; Quillacollo; Colcapirhua; Tiquipaya; Vinto,2019-06-01,70618.6085941329
Trinidad,2019-06-01,3669.0434522902674
Potosí,2019-06-01,10818.084850893876
Sucre,2019-06-01,11560.87245044095
Tarija,2019-06-01,10387.61111759017
Montero,2019-06-01,4221.331050561863
Santa Cruz de la Sierra,2019-06-01,70631.19070937931
Santa Cruz Metrópoli,2019-06-01,114574.73560899212
El Alto; La Paz,2019-07-01,84813.97126125787
Caranavi,2019-07-01,349.51082269586635
Riberalta,2019-07-01,1898.6427832548598
Oruro,2019-07-01,24414.570533033933
Cochabamba; Sacaba; Quillacollo; Colcapirhua; Tiquipaya; Vinto,2019-07-01,71114.11128239556
Trinidad,2019-07-01,3670.481761367874
Potosí,2019-07-01,11045.15694886323
Sucre,2019-07-01,11846.631638709505
Tarija,2019-07-01,10367.873691812189
Montero,2019-07-01,4131.9856438615725
Santa Cruz de la Sierra,2019-07-01,70836.98280233235
Santa Cruz Metrópoli,2019-07-01,109509.38286060838
El Alto; La Paz,2019-08-01,90314.69811565588
Caranavi,2019-08-01,356.8613727527578
Riberalta,2019-08-01,1907.18615326091
Oruro,2019-08-01,24410.53987450995
Cochabamba; Sacaba; Quillacollo; Colcapirhua; Tiquipaya; Vinto,2019-08-01,69709.74582825889
Trinidad,2019-08-01,3928.207873661026
Potosí,2019-08-01,10982.153020441714
Sucre,2019-08-01,11156.866553546633
Tarija,2019-08-01,10374.107636402108
Montero,2019-08-01,4294.693055334396
Santa Cruz de la Sierra,2019-08-01,77691.77900445632
Santa Cruz Metrópoli,2019-08-01,117013.04185874655
El Alto; La Paz,2019-09-01,83422.12773849728
Caranavi,2019-09-01,367.7127848456231
Riberalta,2019-09-01,1573.2563862492057
Oruro,2019-09-01,22159.8880537164
Cochabamba; Sacaba; Quillacollo; Colcapirhua; Tiquipaya; Vinto,2019-09-01,64759.82802643285
Trinidad,2019-09-01,3824.006505993709
Potosí,2019-09-01,9084.579783286004
Sucre,2019-09-01,8729.986256498683
Tarija,2019-09-01,9918.241556100982
Montero,2019-09-01,4171.68960573311
Santa Cruz de la Sierra,2019-09-01,70418.53422638807
Santa Cruz Metrópoli,2019-09-01,125166.04327699287
El Alto; La Paz,2019-10-01,80080.35447517833
Caranavi,2019-10-01,375.020235484393
Riberalta,2019-10-01,1772.6407391470798
Oruro,2019-10-01,23533.935078973096
Cochabamba; Sacaba; Quillacollo; Colcapirhua; Tiquipaya; Vinto,2019-10-01,65891.14985235539
Trinidad,2019-10-01,3909.095017151037
Potosí,2019-10-01,10519.629862739053
Sucre,2019-10-01,10159.781650833174
Tarija,2019-10-01,10219.583295731562
Montero,2019-10-01,3925.041733754149
Santa Cruz de la Sierra,2019-10-01,68297.73426973699
Santa Cruz Metrópoli,2019-10-01,125447.1064884455
El Alto; La Paz,2019-11-01,71118.37439292109
Caranavi,2019-11-01,328.5779204671727
Riberalta,2019-11-01,1759.9605553066324
Oruro,2019-11-01,22797.882246335925
Cochabamba; Sacaba; Quillacollo; Colcapirhua; Tiquipaya; Vinto,2019-11-01,65756.77873169156
Trinidad,2019-11-01,3689.0968986643315
Potosí,2019-11-01,9824.264995066329
Sucre,2019-11-01,10424.778599535479
Tarija,2019-11-01,9367.532762950312
Montero,2019-11-01,3859.3738062132797
Santa Cruz de la Sierra,2019-11-01,68376.77688708728
Santa Cruz Metrópoli,2019-11-01,132451.16331905685
El Alto; La Paz,2019-12-01,55877.77268147212
Caranavi,2019-12-01,271.6710588612027
Riberalta,2019-12-01,1965.8764751152228
Oruro,2019-12-01,21660.70514616195
Cochabamba; Sacaba; Quillacollo; Colcapirhua; Tiquipaya; Vinto,2019-12-01,62845.591647127185
Trinidad,2019-12-01,3487.847696084325
Potosí,2019-12-01,9544.98208036399
Sucre,2019-12-01,7649.805796672782
Tarija,2019-12-01,7465.48079068801
Montero,2019-12-01,3972.8601610030632
Santa Cruz de la Sierra,2019-12-01,70573.85760241283
Santa Cruz Metrópoli,2019-12-01,126735.78969284157
El Alto; La Paz,2020-01-01,71204.00477452477
Caranavi,2020-01-01,206.58341259258782
Riberalta,2020-01-01,1666.1864286940688
Oruro,2020-01-01,21100.185758682816
Cochabamba; Sacaba; Quillacollo; Colcapirhua; Tiquipaya; Vinto,2020-01-01,65701.17984713524
Trinidad,2020-01-01,3385.388658201688
Potosí,2020-01-01,9340.798272493887
Sucre,2020-01-01,9658.048423897051
Tarija,2020-01-01,9418.141753919683
Montero,2020-01-01,3638.5233698920547
Santa Cruz de la Sierra,2020-01-01,70966.73553176699
Santa Cruz Metrópoli,2020-01-01,111621.23912272156
El Alto; La Paz,2020-02-01,63659.324744459016
Caranavi,2020-02-01,359.5032147991599
Riberalta,2020-02-01,1931.1192183915302
Oruro,2020-02-01,21382.080682369426
Cochabamba; Sacaba; Quillacollo; Colcapirhua; Tiquipaya; Vinto,2020-02-01,57723.93474691928
Trinidad,2020-02-01,3977.053290628686
Potosí,2020-02-01,6563.714469860117
Sucre,2020-02-01,9878.398864094532
Tarija,2020-02-01,6753.065605708196
Montero,2020-02-01,4487.353376738347
Santa Cruz de la Sierra,2020-02-01,58612.90589462938
Santa Cruz Metrópoli,2020-02-01,147073.40022216275
El Alto; La Paz,2020-03-01,72714.81849280575
Caranavi,2020-03-01,415.4505467451087
Riberalta,2020-03-01,2033.5021919054427
Oruro,2020-03-01,21736.995356685617
Cochabamba; Sacaba; Quillacollo; Colcapirhua; Tiquipaya; Vinto,2020-03-01,59430.82820613405
Trinidad,2020-03-01,3844.110541132501
Potosí,2020-03-01,9242.963304531344
Sucre,2020-03-01,9784.838982313286
Tarija,2020-03-01,9055.881046417298
Montero,2020-03-01,3655.955021183865
Santa Cruz de la Sierra,2020-03-01,67422.7594079396
Santa Cruz Metrópoli,2020-03-01,136130.47774430373
El Alto; La Paz,2020-04-01,71045.5503397778
Caranavi,2020-04-01,458.7429418053699
Riberalta,2020-04-01,1740.7256075139132
Oruro,2020-04-01,23063.74537267604
Cochabamba; Sacaba; Quillacollo; Colcapirhua; Tiquipaya; Vinto,2020-04-01,65382.51711724307
Trinidad,2020-04-01,3742.24721000849
Potosí,2020-04-01,11412.573640512723
Sucre,2020-04-01,11731.956050620478
Tarija,2020-04-01,10367.886631107443
Montero,2020-04-01,4207.493301443729
Santa Cruz de la Sierra,2020-04-01,71624.03471518245
Santa Cruz Metrópoli,2020-04-01,146123.78228018002
El Alto; La Paz,2020-05-01,81744.44936485265
Caranavi,2020-05-01,419.8592168945306
Riberalta,2020-05-01,1559.266115035438
Oruro,2020-05-01,23975.062719745485
Cochabamba; Sacaba; Quillacollo; Colcapirhua; Tiquipaya; Vinto,2020-05-01,69843.97875311408
Trinidad,2020-05-01,3590.2119290393935
Potosí,2020-05-01,11246.975638212403
Sucre,2020-05-01,12004.70205248781
Tarija,2020-05-01,11223.956726703109
Montero,2020-05-01,4338.58180383163
Santa Cruz de la Sierra,2020-05-01,73229.14037996883
Santa Cruz Metrópoli,2020-05-01,129133.0592538536
El Alto; La Paz,2020-06-01,85421.71131831291
Caranavi,2020-06-01,394.5210193274506
Riberalta,2020-06-01,1490.1499204514664
Oruro,2020-06-01,24434.67958245342
Cochabamba; Sacaba; Quillacollo; Colcapirhua; Tiquipaya; Vinto,2020-06-01,69250.36906494103
Trinidad,2020-06-01,3286.4645548835106
Potosí,2020-06-01,11619.375395621153
Sucre,2020-06-01,11613.755384782251
Tarija,2020-06-01,11559.704263473952
Montero,2020-06-01,3197.84191887881
Santa Cruz de la Sierra,2020-06-01,51085.0723288543
Santa Cruz Metrópoli,2020-06-01,99843.00877520445
El Alto; La Paz,2020-07-01,87061.83912658667
Caranavi,2020-07-01,381.3039994903639
Riberalta,2020-07-01,1654.42721279734
Oruro,2020-07-01,23602.796659323652
Cochabamba; Sacaba; Quillacollo; Colcapirhua; Tiquipaya; Vinto,2020-07-01,69624.41885365659
Trinidad,2020-07-01,3799.358464406519
Potosí,2020-07-01,11334.509693478776
Sucre,2020-07-01,11565.253094889544
Tarija,2020-07-01,11311.710451130313
Montero,2020-07-01,4366.566943880037
Santa Cruz de la Sierra,2020-07-01,64968.8589594102
Santa Cruz Metrópoli,2020-07-01,116251.71159356365
El Alto; La Paz,2020-08-01,67240.75360335402
Caranavi,2020-08-01,284.66415729984345
Riberalta,2020-08-01,1655.6422796534548
Oruro,2020-08-01,22483.996910597238
Cochabamba; Sacaba; Quillacollo; Colcapirhua; Tiquipaya; Vinto,2020-08-01,64474.57616758987
Trinidad,2020-08-01,4048.1926318123656
Potosí,2020-08-01,11115.065321990089
Sucre,2020-08-01,11575.371028880283
Tarija,2020-08-01,10967.341634234608
Montero,2020-08-01,3903.023169002639
Santa Cruz de la Sierra,2020-08-01,65125.40759916253
Santa Cruz Metrópoli,2020-08-01,112771.24468381928
El Alto; La Paz,2020-09-01,73940.64434367152
Caranavi,2020-09-01,390.7832947928532
Riberalta,2020-09-01,1363.9589406680832
Oruro,2020-09-01,20483.54730048377
Cochabamba; Sacaba; Quillacollo; Colcapirhua; Tiquipaya; Vinto,2020-09-01,62784.60284511479
Trinidad,2020-09-01,3554.523533532083
Potosí,2020-09-01,10037.354250669709
Sucre,2020-09-01,9477.255658792985
Tarija,2020-09-01,9565.738919998035
Montero,2020-09-01,4061.521016339931
Santa Cruz de la Sierra,2020-09-01,64158.40089803771
Santa Cruz Metrópoli,2020-09-01,140207.4656891168
El Alto; La Paz,2020-10-01,76247.75632494221
Caranavi,2020-10-01,477.9141953979638
Riberalta,2020-10-01,1658.2223119392697
Oruro,2020-10-01,19260.423789840585
Cochabamba; Sacaba; Quillacollo; Colcapirhua; Tiquipaya; Vinto,2020-10-01,63353.56112864955
Trinidad,2020-10-01,3819.7964588016857
Potosí,2020-10-01,9108.004803403917
Sucre,2020-10-01,8700.011410003906
Tarija,2020-10-01,7989.073425294841
Montero,2020-10-01,3909.0911407776907
Santa Cruz de la Sierra,2020-10-01,65082.55349608123
Santa Cruz Metrópoli,2020-10-01,136974.88100165786
El Alto; La Paz,2020-11-01,77563.36814944533
Caranavi,2020-11-01,469.04525384634167
Riberalta,2020-11-01,1694.4592584670318
Oruro,2020-11-01,22362.036889721487
Cochabamba; Sacaba; Quillacollo; Colcapirhua; Tiquipaya; Vinto,2020-11-01,63218.30937760645
Trinidad,2020-11-01,4298.974745610532
Potosí,2020-11-01,10861.4515801854
Sucre,2020-11-01,8449.177927759818
Tarija,2020-11-01,7378.951530888737
Montero,2020-11-01,4069.0774162175608
Santa Cruz de la Sierra,2020-11-01,63196.62829934731
Santa Cruz Metrópoli,2020-11-01,134815.9402979961
El Alto; La Paz,2020-12-01,71671.25371695474
Caranavi,2020-12-01,220.04298011903077
Riberalta,2020-12-01,1677.9798381908274
Oruro,2020-12-01,20532.03004784759
Cochabamba; Sacaba; Quillacollo; Colcapirhua; Tiquipaya; Vinto,2020-12-01,62419.66927109044
Trinidad,2020-12-01,4386.1602748347295
Potosí,2020-12-01,10605.813585233574
Sucre,2020-12-01,9262.355068817793
Tarija,2020-12-01,8713.856930136451
Montero,2020-12-01,4105.675491255873
Santa Cruz de la Sierra,2020-12-01,64249.98020635935
Santa Cruz Metrópoli,2020-12-01,135192.5108494588
El Alto; La Paz,2021-01-01,58669.07773082784
Caranavi,2021-01-01,331.54901827273557
Riberalta,2021-01-01,1633.9347839132977
Oruro,2021-01-01,18790.646376602563
Cochabamba; Sacaba; Quillacollo; Colcapirhua; Tiquipaya; Vinto,2021-01-01,18587.38758095046
Trinidad,2021-01-01,4222.962278089866
Potosí,2021-01-01,6939.262593355018
Sucre,2021-01-01,5065.550131072017
Tarija,2021-01-01,7271.616104595804
Montero,2021-01-01,3358.812448146295
Santa Cruz de la Sierra,2021-01-01,51457.00123447042
Santa Cruz Metrópoli,2021-01-01,110785.78079966443
El Alto; La Paz,2021-02-01,38590.894597272105
Caranavi,2021-02-01,151.4991366836224
Riberalta,2021-02-01,0.0
Oruro,2021-02-01,23568.738480533957
Cochabamba; Sacaba; Quillacollo; Colcapirhua; Tiquipaya; Vinto,2021-02-01,39226.634947711114
Trinidad,2021-02-01,4066.457252462502
Potosí,2021-02-01,9771.128539336896
Sucre,2021-02-01,7876.78427318489
Tarija,2021-02-01,4889.64854644607
Montero,2021-02-01,2379.493649131937
Santa Cruz de la Sierra,2021-02-01,58674.43767007707
Santa Cruz Metrópoli,2021-02-01,117090.90233579048
El Alto; La Paz,2021-03-01,66017.99631319958
Caranavi,2021-03-01,412.53454713044204
Riberalta,2021-03-01,391.4614886835436
Oruro,2021-03-01,18927.88293342708
Cochabamba; Sacaba; Quillacollo; Colcapirhua; Tiquipaya; Vinto,2021-03-01,55298.55302203896
Trinidad,2021-03-01,3550.7959535181544
Potosí,2021-03-01,9811.895919619468
Sucre,2021-03-01,9540.694865164452
Tarija,2021-03-01,7426.453056110352
Montero,2021-03-01,4226.482425845838
Santa Cruz de la Sierra,2021-03-01,67396.00924467247
Santa Cruz Metrópoli,2021-03-01,134314.37240922725
El Alto; La Paz,2021-04-01,64661.34270464784
Caranavi,2021-04-01,508.0554115659465
Riberalta,2021-04-01,1067.1032596464827
Oruro,2021-04-01,21193.229549375126
Cochabamba; Sacaba; Quillacollo; Colcapirhua; Tiquipaya; Vinto,2021-04-01,62121.432635801706
Trinidad,2021-04-01,4096.835638810548
Potosí,2021-04-01,11391.2394961481
Sucre,2021-04-01,9026.756338924284
Tarija,2021-04-01,7683.728181591221
Montero,2021-04-01,4333.168265922515
Santa Cruz de la Sierra,2021-04-01,60237.68264934806
Santa Cruz Metrópoli,2021-04-01,130537.75470449557
El Alto; La Paz,2021-05-01,81525.95254744576
Caranavi,2021-05-01,441.7521941852922
Riberalta,2021-05-01,1856.6743550185474
Oruro,2021-05-01,22940.291667353165
Cochabamba; Sacaba; Quillacollo; Colcapirhua; Tiquipaya; Vinto,2021-05-01,72584.50909083083
Trinidad,2021-05-01,3976.3776026784794
Potosí,2021-05-01,11859.004464073974
Sucre,2021-05-01,10512.709016189156
Tarija,2021-05-01,9115.430708052478
Montero,2021-05-01,4336.529256310767
Santa Cruz de la Sierra,2021-05-01,59777.908855719405
Santa Cruz Metrópoli,2021-05-01,123239.22460418331
El Alto; La Paz,2021-06-01,79173.35133680199
Caranavi,2021-06-01,370.2426275458405
Riberalta,2021-06-01,1752.392978595899
Oruro,2021-06-01,23401.864181122062
Cochabamba; Sacaba; Quillacollo; Colcapirhua; Tiquipaya; Vinto,2021-06-01,70156.0927588022
Trinidad,2021-06-01,4168.361752089918
Potosí,2021-06-01,13727.430608601779
Sucre,2021-06-01,11960.953404537606
Tarija,2021-06-01,9305.806394712945
Montero,2021-06-01,3827.218824540166
Santa Cruz de la Sierra,2021-06-01,57254.56020770889
Santa Cruz Metrópoli,2021-06-01,110197.03620711651
El Alto; La Paz,2021-07-01,86916.98374730651
Caranavi,2021-07-01,411.8698429097146
Riberalta,2021-07-01,1964.1016853762615
Oruro,2021-07-01,24173.56085632455
Cochabamba; Sacaba; Quillacollo; Colcapirhua; Tiquipaya; Vinto,2021-07-01,72723.13494166458
Trinidad,2021-07-01,4977.209189464063
Potosí,2021-07-01,12366.854683053374
Sucre,2021-07-01,11474.151112860678
Tarija,2021-07-01,11355.690115134159
Montero,2021-07-01,4768.3651374919755
Santa Cruz de la Sierra,2021-07-01,64817.22735099419
Santa Cruz Metrópoli,2021-07-01,123480.5420479446
El Alto; La Paz,2021-08-01,81331.72716267107
Caranavi,2021-08-01,590.4334481091182
Riberalta,2021-08-01,1910.2465893298968
Oruro,2021-08-01,24400.642440677726
Cochabamba; Sacaba; Quillacollo; Colcapirhua; Tiquipaya; Vinto,2021-08-01,69575.86025790361
Trinidad,2021-08-01,5116.212202341767
Potosí,2021-08-01,12128.933738402526
Sucre,2021-08-01,11674.283085567693
Tarija,2021-08-01,10618.359174282767
Montero,2021-08-01,4709.588593012909
Santa Cruz de la Sierra,2021-08-01,74747.26311638021
Santa Cruz Metrópoli,2021-08-01,150111.28258801004
El Alto; La Paz,2021-09-01,77151.48707611574
Caranavi,2021-09-01,494.04517560069473
Riberalta,2021-09-01,1887.025724770392
Oruro,2021-09-01,23526.738901811834
Cochabamba; Sacaba; Quillacollo; Colcapirhua; Tiquipaya; Vinto,2021-09-01,69310.66262958494
Trinidad,2021-09-01,4634.926901520821
Potosí,2021-09-01,12000.74218994204
Sucre,2021-09-01,10445.202743265558
Tarija,2021-09-01,10683.703215300453
Montero,2021-09-01,4411.872391527307
Santa Cruz de la Sierra,2021-09-01,71214.32378619809
Santa Cruz Metrópoli,2021-09-01,145385.47886541442
El Alto; La Paz,2021-10-01,75799.98155400387
Caranavi,2021-10-01,497.1138036061734
Riberalta,2021-10-01,1976.1846315280916
Oruro,2021-10-01,22105.826564555777
Cochabamba; Sacaba; Quillacollo; Colcapirhua; Tiquipaya; Vinto,2021-10-01,67381.5695753731
Trinidad,2021-10-01,4779.058858101977
Potosí,2021-10-01,11748.141745157916
Sucre,2021-10-01,9640.363976917663
Tarija,2021-10-01,7713.857769787317
Montero,2021-10-01,4368.495556630108
Santa Cruz de la Sierra,2021-10-01,71402.94154904973
Santa Cruz Metrópoli,2021-10-01,147065.6286984392
El Alto; La Paz,2021-11-01,68886.62912379052
Caranavi,2021-11-01,436.035648212801
Riberalta,2021-11-01,480.21545406314084
Oruro,2021-11-01,20669.105176650774
Cochabamba; Sacaba; Quillacollo; Colcapirhua; Tiquipaya; Vinto,2021-11-01,58158.076655003846
Trinidad,2021-11-01,3962.3660278471666
Potosí,2021-11-01,10489.751351808221
Sucre,2021-11-01,7455.993086846904
Tarija,2021-11-01,7086.3866622396545
Montero,2021-11-01,4139.645059832641
Santa Cruz de la Sierra,2021-11-01,72048.14133185122
Santa Cruz Metrópoli,2021-11-01,149649.04753438281
El Alto; La Paz,2021-12-01,59201.90273110001
Caranavi,2021-12-01,433.69442991129347
Riberalta,2021-12-01,0.0
Oruro,2021-12-01,16014.983160524856
Cochabamba; Sacaba; Quillacollo; Colcapirhua; Tiquipaya; Vinto,2021-12-01,58222.17405162421
Trinidad,2021-12-01,4556.669460021964
Potosí,2021-12-01,7588.506446777601
Sucre,2021-12-01,8485.947697687501
Tarija,2021-12-01,7799.697396643139
Montero,2021-12-01,4162.569802354129
Santa Cruz de la Sierra,2021-12-01,66940.29074179957
Santa Cruz Metrópoli,2021-12-01,141451.31780864185
El Alto; La Paz,2022-01-01,34686.65172812508
Caranavi,2022-01-01,413.58725463436815
Riberalta,2022-01-01,1719.6098732688401
Oruro,2022-01-01,19665.744977687686
Cochabamba; Sacaba; Quillacollo; Colcapirhua; Tiquipaya; Vinto,2022-01-01,55404.40347863619
Trinidad,2022-01-01,4682.904648549824
Potosí,2022-01-01,6433.611273695209
Sucre,2022-01-01,6820.792126581949
Tarija,2022-01-01,5538.635914405009
Montero,2022-01-01,4513.481922782521
Santa Cruz de la Sierra,2022-01-01,74892.68744657417
Santa Cruz Metrópoli,2022-01-01,144617.70319365532
El Alto; La Paz,2022-02-01,54198.221645745805
Caranavi,2022-02-01,439.5018405596998
Riberalta,2022-02-01,1475.0558049226802
Oruro,2022-02-01,16533.598697949295
Cochabamba; Sacaba; Quillacollo; Colcapirhua; Tiquipaya; Vinto,2022-02-01,29867.354825462327
Trinidad,2022-02-01,4410.565251768104
Potosí,2022-02-01,9309.627135579383
Sucre,2022-02-01,9098.46268277729
Tarija,2022-02-01,5988.3831418836835
Montero,2022-02-01,4682.980247090609
Santa Cruz de la Sierra,2022-02-01,71754.01928466858
Santa Cruz Metrópoli,2022-02-01,151896.04151159927
El Alto; La Paz,2022-03-01,71032.8389324011
Caranavi,2022-03-01,490.9244694834246
Riberalta,2022-03-01,1529.8509824368596
Oruro,2022-03-01,20493.493709596005
Cochabamba; Sacaba; Quillacollo; Colcapirhua; Tiquipaya; Vinto,2022-03-01,56566.55823428187
Trinidad,2022-03-01,4149.210786202259
Potosí,2022-03-01,10904.481277412882
Sucre,2022-03-01,8480.382981551398
Tarija,2022-03-01,7444.031913424821
Montero,2022-03-01,4518.966279173717
Santa Cruz de la Sierra,2022-03-01,67104.85305576274
Santa Cruz Metrópoli,2022-03-01,147715.6878745059
El Alto; La Paz,2022-04-01,67966.71470531763
Caranavi,2022-04-01,474.4714102066616
Riberalta,2022-04-01,1596.9438023659525
Oruro,2022-04-01,20963.970116377805
Cochabamba; Sacaba; Quillacollo; Colcapirhua; Tiquipaya; Vinto,2022-04-01,64184.24288077284
Trinidad,2022-04-01,4772.07027299147
Potosí,2022-04-01,11008.163146664816
Sucre,2022-04-01,10184.536583785684
Tarija,2022-04-01,7784.665255802748
Montero,2022-04-01,4622.329125608766
Santa Cruz de la Sierra,2022-04-01,71648.38424337443
Santa Cruz Metrópoli,2022-04-01,154606.2544624686
El Alto; La Paz,2022-05-01,79534.18342219175
Caranavi,2022-05-01,479.2761183445946
Riberalta,2022-05-01,1830.0559231668706
Oruro,2022-05-01,24483.66991218516
Cochabamba; Sacaba; Quillacollo; Colcapirhua; Tiquipaya; Vinto,2022-05-01,70658.48649876419
Trinidad,2022-05-01,4750.073814175994
Potosí,2022-05-01,13164.45967032033
Sucre,2022-05-01,10984.638793367843
Tarija,2022-05-01,8376.275763565778
Montero,2022-05-01,4775.232561888534
Santa Cruz de la Sierra,2022-05-01,72110.57786916186
Santa Cruz Metrópoli,2022-05-01,143030.64468520918
El Alto; La Paz,2022-06-01,71693.58229975142
Caranavi,2022-06-01,365.4763914488694
Riberalta,2022-06-01,1515.6882371621973
Oruro,2022-06-01,24260.064106369606
Cochabamba; Sacaba; Quillacollo; Colcapirhua; Tiquipaya; Vinto,2022-06-01,72475.1813593008
Trinidad,2022-06-01,4506.177061908619
Potosí,2022-06-01,13313.489129623124
Sucre,2022-06-01,11728.504894848662
Tarija,2022-06-01,11861.470842210574
Montero,2022-06-01,4681.226118056799
Santa Cruz de la Sierra,2022-06-01,65849.24159336487
Santa Cruz Metrópoli,2022-06-01,132879.8277645212
El Alto; La Paz,2022-07-01,83768.96899015072
Caranavi,2022-07-01,514.0030210456719
Riberalta,2022-07-01,1831.6445479994159
Oruro,2022-07-01,24801.33191103884
Cochabamba; Sacaba; Quillacollo; Colcapirhua; Tiquipaya; Vinto,2022-07-01,73354.41790561061
Trinidad,2022-07-01,5551.907493980734
Potosí,2022-07-01,13465.59107750736
Sucre,2022-07-01,12479.206733454206
Tarija,2022-07-01,12475.187189208527
Montero,2022-07-01,5368.613802425855
Santa Cruz de la Sierra,2022-07-01,81530.95249697879
Santa Cruz Metrópoli,2022-07-01,141034.66454378038
El Alto; La Paz,2022-08-01,83195.36200462862
Caranavi,2022-08-01,462.6193350491569
Riberalta,2022-08-01,1607.7254881910833
Oruro,2022-08-01,23800.65292281157
Cochabamba; Sacaba; Quillacollo; Colcapirhua; Tiquipaya; Vinto,2022-08-01,69946.22149198162
Trinidad,2022-08-01,4546.132465335202
Potosí,2022-08-01,12910.955539890128
Sucre,2022-08-01,11989.340180144125
Tarija,2022-08-01,10786.117758779781
Montero,2022-08-01,4812.270342524612
Santa Cruz de la Sierra,2022-08-01,75521.35139674436
Santa Cruz Metrópoli,2022-08-01,139450.3748535392
El Alto; La Paz,2022-09-01,78879.38389698029
Caranavi,2022-09-01,556.6575272023683
Riberalta,2022-09-01,1725.188666205314
Oruro,2022-09-01,25075.308320976354
Cochabamba; Sacaba; Quillacollo; Colcapirhua; Tiquipaya; Vinto,2022-09-01,70868.92294889968
Trinidad,2022-09-01,4644.878281115433
Potosí,2022-09-01,13849.804333556633
Sucre,2022-09-01,10043.215648657668
Tarija,2022-09-01,7541.152501615354
Montero,2022-09-01,4339.900621542976
Santa Cruz de la Sierra,2022-09-01,71183.82219421164
Santa Cruz Metrópoli,2022-09-01,156860.3327365234
El Alto; La Paz,2022-10-01,79706.98344248087
Caranavi,2022-10-01,477.00854863740653
Riberalta,2022-10-01,1732.5403158504
Oruro,2022-10-01,24226.464701569665
Cochabamba; Sacaba; Quillacollo; Colcapirhua; Tiquipaya; Vinto,2022-10-01,65731.0669998846
Trinidad,2022-10-01,4705.866343792049
Potosí,2022-10-01,13159.316646465246
Sucre,2022-10-01,10142.11729617914
Tarija,2022-10-01,8603.878398649016
Montero,2022-10-01,4894.715639137755
Santa Cruz de la Sierra,2022-10-01,73942.10883432883
Santa Cruz Metrópoli,2022-10-01,178037.0270897304
El Alto; La Paz,2022-11-01,79238.52391964012
Caranavi,2022-11-01,593.4810980618
Riberalta,2022-11-01,1997.8958780551068
Oruro,2022-11-01,23022.789730388628
Cochabamba; Sacaba; Quillacollo; Colcapirhua; Tiquipaya; Vinto,2022-11-01,65377.15208705616
Trinidad,2022-11-01,4839.623449182742
Potosí,2022-11-01,11569.511235657392
Sucre,2022-11-01,10876.710345527707
Tarija,2022-11-01,8680.259140548049
Montero,2022-11-01,5074.925250523697
Santa Cruz de la Sierra,2022-11-01,76561.73912586657
Santa Cruz Metrópoli,2022-11-01,168073.64978136923
El Alto; La Paz,2022-12-01,76773.06446758358
Caranavi,2022-12-01,97.3914112857744
Riberalta,2022-12-01,2012.650510575899
Oruro,2022-12-01,23644.364816905927
Cochabamba; Sacaba; Quillacollo; Colcapirhua; Tiquipaya; Vinto,2022-12-01,57265.30531336027
Trinidad,2022-12-01,4155.086202728512
Potosí,2022-12-01,11961.023190484799
Sucre,2022-12-01,8226.30761260472
Tarija,2022-12-01,6265.306899958961
Montero,2022-12-01,4861.469087360188
Santa Cruz de la Sierra,2022-12-01,76248.73782971305
Santa Cruz Metrópoli,2022-12-01,152468.77243741363
El Alto; La Paz,2023-01-01,82127.0611529877
Caranavi,2023-01-01,431.88886204446663
Riberalta,2023-01-01,1833.6655331194029
Oruro,2023-01-01,22221.650081431504
Cochabamba; Sacaba; Quillacollo; Colcapirhua; Tiquipaya; Vinto,2023-01-01,60554.55760373811
Trinidad,2023-01-01,4683.406348899126
Potosí,2023-01-01,11819.201309760645
Sucre,2023-01-01,10639.2398217082
Tarija,2023-01-01,8689.1332233651
Montero,2023-01-01,4241.602166921426
Santa Cruz de la Sierra,2023-01-01,72100.27754886058
Santa Cruz Metrópoli,2023-01-01,145474.1997296847
El Alto; La Paz,2023-02-01,50733.693518236585
Caranavi,2023-02-01,448.78874422551377
Riberalta,2023-02-01,1888.6034869158666
Oruro,2023-02-01,22915.119070639914
Cochabamba; Sacaba; Quillacollo; Colcapirhua; Tiquipaya; Vinto,2023-02-01,63695.51849961049
Trinidad,2023-02-01,4259.616681696503
Potosí,2023-02-01,11746.884435709551
Sucre,2023-02-01,10072.32109601264
Tarija,2023-02-01,6215.328463691594
Montero,2023-02-01,5057.394947089403
Santa Cruz de la Sierra,2023-02-01,74174.64520266435
Santa Cruz Metrópoli,2023-02-01,166126.13627289492
El Alto; La Paz,2023-03-01,70178.41474653225
Caranavi,2023-03-01,513.7438039322693
Riberalta,2023-03-01,1961.7453659115172
Oruro,2023-03-01,23395.607461752123
Cochabamba; Sacaba; Quillacollo; Colcapirhua; Tiquipaya; Vinto,2023-03-01,71472.45106520357
Trinidad,2023-03-01,4139.326215189869
Potosí,2023-03-01,11927.396005677247
Sucre,2023-03-01,12298.473613914088
Tarija,2023-03-01,9956.515942029508
Montero,2023-03-01,4639.963338889914
Santa Cruz de la Sierra,2023-03-01,60185.84799211118
Santa Cruz Metrópoli,2023-03-01,125407.35075565104
El Alto; La Paz,2023-04-01,83315.26915794105
Caranavi,2023-04-01,532.0975696450939
Riberalta,2023-04-01,2178.793764021643
Oruro,2023-04-01,24687.737751116703
Cochabamba; Sacaba; Quillacollo; Colcapirhua; Tiquipaya; Vinto,2023-04-01,70736.39484208594
Trinidad,2023-04-01,4642.945651994672
Potosí,2023-04-01,13702.400588776318
Sucre,2023-04-01,11788.870444677856
Tarija,2023-04-01,8900.665835809
Montero,2023-04-01,4611.37027807493
Santa Cruz de la Sierra,2023-04-01,61517.29506160302
Santa Cruz Metrópoli,2023-04-01,138477.57965052876
El Alto; La Paz,2023-05-01,89325.36264954226
Caranavi,2023-05-01,598.3603519404052
Riberalta,2023-05-01,2220.822116533155
Oruro,2023-05-01,25214.051428637606
Cochabamba; Sacaba; Quillacollo; Colcapirhua; Tiquipaya; Vinto,2023-05-01,73790.45811946409
Trinidad,2023-05-01,4729.267782702398
Potosí,2023-05-01,13715.757604051803
Sucre,2023-05-01,13270.01787974741
Tarija,2023-05-01,11299.740319000273
Montero,2023-05-01,5113.932047201138
Santa Cruz de la Sierra,2023-05-01,67547.52465852199
Santa Cruz Metrópoli,2023-05-01,141073.93934164345
El Alto; La Paz,2023-06-01,93505.6878450263
Caranavi,2023-06-01,539.0727849657044
Riberalta,2023-06-01,2406.513216737992
Oruro,2023-06-01,26390.687915478495
Cochabamba; Sacaba; Quillacollo; Colcapirhua; Tiquipaya; Vinto,2023-06-01,76425.48625064334
Trinidad,2023-06-01,4839.113993316893
Potosí,2023-06-01,14048.545774686452
Sucre,2023-06-01,12713.694366158112
Tarija,2023-06-01,11141.786098360903
Montero,2023-06-01,4807.649870440541
Santa Cruz de la Sierra,2023-06-01,70770.46121366887
Santa Cruz Metrópoli,2023-06-01,138805.1684211637
El Alto; La Paz,2023-07-01,91393.29631875127
Caranavi,2023-07-01,466.44780536305666
Riberalta,2023-07-01,2331.4550547509502
Oruro,2023-07-01,25391.511827300263
Cochabamba; Sacaba; Quillacollo; Colcapirhua; Tiquipaya; Vinto,2023-07-01,76185.81872192139
Trinidad,2023-07-01,4922.639131051712
Potosí,2023-07-01,13997.127254804445
Sucre,2023-07-01,12050.446982319803
Tarija,2023-07-01,10608.935070376889
Montero,2023-07-01,4209.691964112779
Santa Cruz de la Sierra,2023-07-01,48357.718358109276
Santa Cruz Metrópoli,2023-07-01,99818.81728302741
El Alto; La Paz,2023-08-01,90342.11198957145
Caranavi,2023-08-01,565.0955278401279
Riberalta,2023-08-01,2352.6528236743293
Oruro,2023-08-01,26169.065257349026
Cochabamba; Sacaba; Quillacollo; Colcapirhua; Tiquipaya; Vinto,2023-08-01,76841.59306938578
Trinidad,2023-08-01,5137.859073485345
Potosí,2023-08-01,14185.950788066088
Sucre,2023-08-01,13661.923362968486
Tarija,2023-08-01,12197.003799838641
Montero,2023-08-01,5295.806236565111
Santa Cruz de la Sierra,2023-08-01,76674.3739999661
Santa Cruz Metrópoli,2023-08-01,204923.2397865867
El Alto; La Paz,2023-09-01,90980.15297988408
Caranavi,2023-09-01,508.82239264343286
Riberalta,2023-09-01,2103.95258334688
Oruro,2023-09-01,25260.461333375464
Cochabamba; Sacaba; Quillacollo; Colcapirhua; Tiquipaya; Vinto,2023-09-01,74494.94536053459
Trinidad,2023-09-01,4758.379096866937
Potosí,2023-09-01,13854.205665340845
Sucre,2023-09-01,13458.803692923455
Tarija,2023-09-01,11993.800711056763
Montero,2023-09-01,5111.682600497734
Santa Cruz de la Sierra,2023-09-01,76083.43227015896
Santa Cruz Metrópoli,2023-09-01,159526.94420575953
El Alto; La Paz,2023-10-01,88363.04519052067
Caranavi,2023-10-01,564.1930194923106
Riberalta,2023-10-01,2565.2490645752814
Oruro,2023-10-01,23572.18494115309
Cochabamba; Sacaba; Quillacollo; Colcapirhua; Tiquipaya; Vinto,2023-10-01,70269.34715406291
Trinidad,2023-10-01,4499.743882155419
Potosí,2023-10-01,13483.561563712943
Sucre,2023-10-01,12364.687479405547
Tarija,2023-10-01,10631.018276005865
Montero,2023-10-01,4985.008649147258
Santa Cruz de la Sierra,2023-10-01,69254.1160172089
Santa Cruz Metrópoli,2023-10-01,168161.86773505068
El Alto; La Paz,2023-11-01,86930.9917825453
Caranavi,2023-11-01,581.0900772899977
Riberalta,2023-11-01,2610.9082641495206
Oruro,2023-11-01,22946.710720547984
Cochabamba; Sacaba; Quillacollo; Colcapirhua; Tiquipaya; Vinto,2023-11-01,67695.36168799475
Trinidad,2023-11-01,5134.446353327407
Potosí,2023-11-01,13366.524525325674
Sucre,2023-11-01,12192.48480190179
Tarija,2023-11-01,9655.277358622412
Montero,2023-11-01,4478.570972829006
Santa Cruz de la Sierra,2023-11-01,64154.992269149036
Santa Cruz Metrópoli,2023-11-01,159849.65525867636
